dataset,model,acc_mean,acc_std,bacc_mean,bacc_std,macro_f1_mean,macro_f1_std
samplewise,pca_svm,0.3624072356215214,0.10747199754740665,0.3512222222222222,0.10357030772366815,0.2790182855748369,0.06637002372920314
samplewise,rf,0.30381880024737173,0.09029890993302071,0.3192222222222222,0.1068995432435472,0.25402232435861133,0.07194118227483345
