dataset,model,acc_mean,acc_std,bacc_mean,bacc_std,macro_f1_mean,macro_f1_std
samplewise,pca_svm,0.3923245614035088,0.04920253163943039,0.40363247863247864,0.04199879952731625,0.3118940008722518,0.013222902432945516
samplewise,rf,0.2743421052631579,0.04920253163943037,0.2572916666666667,0.03823072771563034,0.21747917930526062,0.02186397825979145
