dataset,model,acc_mean,acc_std,bacc_mean,bacc_std,macro_f1_mean,macro_f1_std
pixelwise,pca_svm,0.3665338589981447,0.11816892122486448,0.3809174074074074,0.11739195843620195,0.2873607462704425,0.07523158743911038
pixelwise,rf,0.26264355287569574,0.07604139836987706,0.2762214814814815,0.08954826357555143,0.2352588348793725,0.05873139653678776
