{
  "n_files": 237,
  "n_unique_mice": 12,
  "class_distribution": {
    "exo": 84,
    "control": 80,
    "endo": 73
  },
  "center_distribution": {
    "2900": 119,
    "1500": 118
  },
  "results_by_center": {
    "center_1500": {
      "n_files": 118,
      "class_distribution": {
        "exo": 42,
        "control": 40,
        "endo": 36
      },
      "results": [
        {
          "dataset": "samplewise_center1500",
          "model": "rf",
          "acc_mean": 0.3541666666666667,
          "acc_std": 0.10231690964840563,
          "bacc_mean": 0.34375,
          "bacc_std": 0.09140587903533459,
          "macro_f1_mean": 0.280968660968661,
          "macro_f1_std": 0.0716543870409512,
          "confusion_matrix": [
            [
              11,
              23,
              6
            ],
            [
              19,
              5,
              12
            ],
            [
              4,
              12,
              26
            ]
          ],
          "classification_report": {
            "control": {
              "precision": 0.3235294117647059,
              "recall": 0.275,
              "f1-score": 0.2972972972972973,
              "support": 40.0
            },
            "endo": {
              "precision": 0.125,
              "recall": 0.1388888888888889,
              "f1-score": 0.13157894736842105,
              "support": 36.0
            },
            "exo": {
              "precision": 0.5909090909090909,
              "recall": 0.6190476190476191,
              "f1-score": 0.6046511627906976,
              "support": 42.0
            },
            "accuracy": 0.3559322033898305,
            "macro avg": {
              "precision": 0.3464795008912656,
              "recall": 0.34431216931216935,
              "f1-score": 0.3445091358188053,
              "support": 118.0
            },
            "weighted avg": {
              "precision": 0.3581301549895768,
              "recall": 0.3559322033898305,
              "f1-score": 0.35613629520647755,
              "support": 118.0
            }
          }
        }
      ]
    },
    "center_2900": {
      "n_files": 119,
      "class_distribution": {
        "exo": 42,
        "control": 40,
        "endo": 37
      },
      "results": [
        {
          "dataset": "samplewise_center2900",
          "model": "rf",
          "acc_mean": 0.3267241379310345,
          "acc_std": 0.1282687938356679,
          "bacc_mean": 0.3354662698412698,
          "bacc_std": 0.13117415796674836,
          "macro_f1_mean": 0.2667704846146875,
          "macro_f1_std": 0.11958739938254413,
          "confusion_matrix": [
            [
              5,
              24,
              11
            ],
            [
              9,
              17,
              11
            ],
            [
              11,
              14,
              17
            ]
          ],
          "classification_report": {
            "control": {
              "precision": 0.2,
              "recall": 0.125,
              "f1-score": 0.15384615384615385,
              "support": 40.0
            },
            "endo": {
              "precision": 0.3090909090909091,
              "recall": 0.4594594594594595,
              "f1-score": 0.3695652173913043,
              "support": 37.0
            },
            "exo": {
              "precision": 0.4358974358974359,
              "recall": 0.40476190476190477,
              "f1-score": 0.41975308641975306,
              "support": 42.0
            },
            "accuracy": 0.3277310924369748,
            "macro avg": {
              "precision": 0.31499611499611496,
              "recall": 0.3297404547404547,
              "f1-score": 0.31438815255240377,
              "support": 119.0
            },
            "weighted avg": {
              "precision": 0.3171769407063525,
              "recall": 0.3277310924369748,
              "f1-score": 0.3147679733357483,
              "support": 119.0
            }
          }
        }
      ]
    }
  }
}