{
  "n_files": 237,
  "n_unique_mice": 12,
  "class_distribution": {
    "exo": 84,
    "control": 80,
    "endo": 73
  },
  "samplewise_results": [
    {
      "dataset": "samplewise",
      "model": "pca_svm",
      "acc_mean": 0.3624072356215214,
      "acc_std": 0.10747199754740665,
      "bacc_mean": 0.3512222222222222,
      "bacc_std": 0.10357030772366815,
      "macro_f1_mean": 0.2790182855748369,
      "macro_f1_std": 0.06637002372920314,
      "confusion_matrix": [
        [
          19,
          41,
          20
        ],
        [
          27,
          27,
          19
        ],
        [
          23,
          21,
          40
        ]
      ],
      "classification_report": {
        "control": {
          "precision": 0.2753623188405797,
          "recall": 0.2375,
          "f1-score": 0.2550335570469799,
          "support": 80.0
        },
        "endo": {
          "precision": 0.30337078651685395,
          "recall": 0.3698630136986301,
          "f1-score": 0.3333333333333333,
          "support": 73.0
        },
        "exo": {
          "precision": 0.5063291139240507,
          "recall": 0.47619047619047616,
          "f1-score": 0.49079754601226994,
          "support": 84.0
        },
        "accuracy": 0.3628691983122363,
        "macro avg": {
          "precision": 0.3616874064271614,
          "recall": 0.36118449662970215,
          "f1-score": 0.35972147879752775,
          "support": 237.0
        },
        "weighted avg": {
          "precision": 0.36585104849197037,
          "recall": 0.3628691983122363,
          "f1-score": 0.36271312979798476,
          "support": 237.0
        }
      }
    },
    {
      "dataset": "samplewise",
      "model": "rf",
      "acc_mean": 0.30381880024737173,
      "acc_std": 0.09029890993302071,
      "bacc_mean": 0.3192222222222222,
      "bacc_std": 0.1068995432435472,
      "macro_f1_mean": 0.25402232435861133,
      "macro_f1_std": 0.07194118227483345,
      "confusion_matrix": [
        [
          14,
          42,
          24
        ],
        [
          34,
          11,
          28
        ],
        [
          15,
          22,
          47
        ]
      ],
      "classification_report": {
        "control": {
          "precision": 0.2222222222222222,
          "recall": 0.175,
          "f1-score": 0.1958041958041958,
          "support": 80.0
        },
        "endo": {
          "precision": 0.14666666666666667,
          "recall": 0.1506849315068493,
          "f1-score": 0.14864864864864866,
          "support": 73.0
        },
        "exo": {
          "precision": 0.47474747474747475,
          "recall": 0.5595238095238095,
          "f1-score": 0.5136612021857924,
          "support": 84.0
        },
        "accuracy": 0.3037974683544304,
        "macro avg": {
          "precision": 0.2812121212121212,
          "recall": 0.29506958034355296,
          "f1-score": 0.2860380155462123,
          "support": 237.0
        },
        "weighted avg": {
          "precision": 0.288452457060052,
          "recall": 0.3037974683544304,
          "f1-score": 0.2939376708830953,
          "support": 237.0
        }
      }
    }
  ],
  "pixelwise_results": [
    {
      "dataset": "pixelwise",
      "model": "pca_svm",
      "acc_mean": 0.3665338589981447,
      "acc_std": 0.11816892122486448,
      "bacc_mean": 0.3809174074074074,
      "bacc_std": 0.11739195843620195,
      "macro_f1_mean": 0.2873607462704425,
      "macro_f1_std": 0.07523158743911038,
      "confusion_matrix": [
        [
          9979,
          5478,
          8543
        ],
        [
          10620,
          2242,
          9038
        ],
        [
          8413,
          3009,
          13778
        ]
      ],
      "classification_report": {
        "control": {
          "precision": 0.3439611195367434,
          "recall": 0.41579166666666667,
          "f1-score": 0.3764807968007244,
          "support": 24000.0
        },
        "endo": {
          "precision": 0.20896635287538448,
          "recall": 0.10237442922374429,
          "f1-score": 0.13742376413619786,
          "support": 21900.0
        },
        "exo": {
          "precision": 0.4393635001116107,
          "recall": 0.5467460317460318,
          "f1-score": 0.4872080482328188,
          "support": 25200.0
        },
        "accuracy": 0.3656680731364276,
        "macro avg": {
          "precision": 0.33076365750791287,
          "recall": 0.35497070921214763,
          "f1-score": 0.3337042030565804,
          "support": 71100.0
        },
        "weighted avg": {
          "precision": 0.33619395498826093,
          "recall": 0.3656680731364276,
          "f1-score": 0.3420922977955999,
          "support": 71100.0
        }
      }
    },
    {
      "dataset": "pixelwise",
      "model": "rf",
      "acc_mean": 0.26264355287569574,
      "acc_std": 0.07604139836987706,
      "bacc_mean": 0.2762214814814815,
      "bacc_std": 0.08954826357555143,
      "macro_f1_mean": 0.2352588348793725,
      "macro_f1_std": 0.05873139653678776,
      "confusion_matrix": [
        [
          5660,
          9987,
          8353
        ],
        [
          10211,
          2039,
          9650
        ],
        [
          6963,
          7266,
          10971
        ]
      ],
      "classification_report": {
        "control": {
          "precision": 0.24787597442410442,
          "recall": 0.23583333333333334,
          "f1-score": 0.2417047444164496,
          "support": 24000.0
        },
        "endo": {
          "precision": 0.10569147833298777,
          "recall": 0.09310502283105022,
          "f1-score": 0.09899980578753156,
          "support": 21900.0
        },
        "exo": {
          "precision": 0.3786498239801201,
          "recall": 0.43535714285714283,
          "f1-score": 0.40502824233026913,
          "support": 25200.0
        },
        "accuracy": 0.26258790436005625,
        "macro avg": {
          "precision": 0.24407242557907075,
          "recall": 0.2547651663405088,
          "f1-score": 0.24857759751141675,
          "support": 71100.0
        },
        "weighted avg": {
          "precision": 0.250430975048804,
          "recall": 0.26258790436005625,
          "f1-score": 0.2556360241837485,
          "support": 71100.0
        }
      }
    }
  ],
  "top_rf_features": [
    {
      "wave": 1466.152344,
      "importance": 0.007033959490505725
    },
    {
      "wave": 1441.658203,
      "importance": 0.006946726055786306
    },
    {
      "wave": 1464.027344,
      "importance": 0.005819747043997519
    },
    {
      "wave": 1440.59082,
      "importance": 0.005582466843023674
    },
    {
      "wave": 1444.859375,
      "importance": 0.005512838695386037
    },
    {
      "wave": 1442.725586,
      "importance": 0.005479701518851394
    },
    {
      "wave": 1465.089844,
      "importance": 0.005208931694540826
    },
    {
      "wave": 1468.277344,
      "importance": 0.005070192220313494
    },
    {
      "wave": 1443.792969,
      "importance": 0.004978680083269355
    },
    {
      "wave": 1445.925781,
      "importance": 0.004964193101458458
    },
    {
      "wave": 1462.963867,
      "importance": 0.004920938512050089
    },
    {
      "wave": 1469.338867,
      "importance": 0.004816335293120444
    },
    {
      "wave": 1467.214844,
      "importance": 0.0045793862211749164
    },
    {
      "wave": 1655.087891,
      "importance": 0.004418025492131067
    },
    {
      "wave": 1446.992188,
      "importance": 0.00441007851118292
    },
    {
      "wave": 1448.058594,
      "importance": 0.004209452820087695
    },
    {
      "wave": 1471.462891,
      "importance": 0.004193640949750152
    },
    {
      "wave": 1470.401367,
      "importance": 0.004173360989066289
    },
    {
      "wave": 1460.836914,
      "importance": 0.004163548377934628
    },
    {
      "wave": 1451.255859,